{
  "method": "isotonic",
  "x_thresholds": [
    0.007236868606802612,
    0.022791691226012625,
    0.025687986321781073,
    0.060808447535284624,
    0.06146638765204187,
    0.08178059415353091,
    0.08189593374229387,
    0.09353695683993711,
    0.09398217330665515,
    0.10624027940093267,
    0.10644057100808031,
    0.11650106971663705,
    0.11682320748722072,
    0.17380594119429996,
    0.17388287585820728,
    0.18591331337268618,
    0.18603334957422743,
    0.19511859727330064,
    0.19524047231963135,
    0.2219346127648224,
    0.2220364647236667,
    0.2486697824807124,
    0.24868117707918977,
    0.27424057953757197,
    0.2742960045811134,
    0.2810241467508786,
    0.28123628621120844,
    0.34683354762515484,
    0.34693317193779516,
    0.36508021642549077,
    0.36511841745130935,
    0.3653867224040042,
    0.36550251936490685,
    0.4217553968027256,
    0.42175869533833643,
    0.46858834889199497,
    0.4686243835831913,
    0.5232709012540298,
    0.5233412030457332,
    0.5233758672569382,
    0.5233854695011955,
    0.5277035542372134,
    0.5278642778782943,
    0.5338651338569937,
    0.5338815494909591,
    0.6092089518225426,
    0.6092878839740377,
    0.6207269084203407,
    0.6207420865059514,
    0.6244902384880866,
    0.6245921593788843,
    0.668490351764322,
    0.6685344982546976,
    0.7354192493077589,
    0.735607400363495,
    0.7375145800259417,
    0.7375238315130555,
    0.7475122547824927,
    0.7475283799459734,
    0.7821843375216684,
    0.7821910756141828,
    0.7984437502079476,
    0.7984817860518645,
    0.8126849186565506,
    0.8126849694152213,
    0.8302298437331727,
    0.8302956439073109,
    0.8492457589433136,
    0.8492898106597082,
    0.8548429566865682,
    0.8549301270714266,
    0.8697218566611602,
    0.8697850652385561,
    0.8800348743035512,
    0.8800354791923755,
    0.9118928148214545,
    0.9119546454511532,
    0.9270767605959943,
    0.9270783809460934,
    0.9450535214115804,
    0.9452040234793727,
    0.9501104550306869,
    0.9501310913965298,
    0.9643483243909815,
    0.9645884136932785,
    0.996401920188352
  ],
  "y_thresholds": [
    0.0,
    0.0,
    0.02666666666666667,
    0.02666666666666667,
    0.05263157894736842,
    0.05263157894736842,
    0.06,
    0.06,
    0.11290322580645161,
    0.11290322580645161,
    0.12857142857142856,
    0.12857142857142856,
    0.15492957746478872,
    0.15492957746478872,
    0.16521739130434782,
    0.16521739130434782,
    0.1744186046511628,
    0.1744186046511628,
    0.1975806451612903,
    0.1975806451612903,
    0.23616236162361623,
    0.23616236162361623,
    0.26436781609195403,
    0.26436781609195403,
    0.27692307692307694,
    0.27692307692307694,
    0.32894736842105265,
    0.32894736842105265,
    0.3302325581395349,
    0.3302325581395349,
    0.3333333333333333,
    0.3333333333333333,
    0.36702127659574474,
    0.36702127659574474,
    0.44561933534743203,
    0.44561933534743203,
    0.49108204518430437,
    0.49108204518430437,
    0.5,
    0.5,
    0.5189873417721519,
    0.5189873417721519,
    0.5752212389380531,
    0.5752212389380531,
    0.5802269043760131,
    0.5802269043760131,
    0.5821596244131455,
    0.5821596244131455,
    0.6271186440677966,
    0.6271186440677966,
    0.6408977556109727,
    0.6408977556109727,
    0.7164906580016247,
    0.7164906580016247,
    0.7419354838709677,
    0.7419354838709677,
    0.7428571428571429,
    0.7428571428571429,
    0.7581699346405228,
    0.7581699346405228,
    0.8,
    0.8,
    0.8174603174603174,
    0.8174603174603174,
    0.8184818481848184,
    0.8184818481848184,
    0.834375,
    0.834375,
    0.8421052631578947,
    0.8421052631578947,
    0.8716216216216216,
    0.8716216216216216,
    0.8795811518324608,
    0.8795811518324608,
    0.8880994671403197,
    0.8880994671403197,
    0.8991596638655462,
    0.8991596638655462,
    0.9494584837545126,
    0.9494584837545126,
    0.9649122807017544,
    0.9649122807017544,
    0.9673202614379085,
    0.9673202614379085,
    1.0,
    1.0
  ],
  "n_thresholds": 86
}