{
  "_intercept": 1.073885138800005,
  "elo_diff": -0.05634921188360782,
  "adj_em_diff": 0.12028572051451017,
  "adj_oe_diff": 0.08106061031760675,
  "adj_de_diff": -0.10894388037384292,
  "pythagorean_diff": 0.7882470338300178,
  "barthag_diff": 0.7882470338300178,
  "sos_diff": 0.02152110209776737,
  "efg_pct_diff": 0.002457679047069878,
  "efg_allowed_diff": -0.004168113077925302,
  "tov_pct_diff": -0.004168113077925302,
  "tov_forced_diff": -0.004168113077925874,
  "oreb_pct_diff": -0.0011145716828135507,
  "ft_rate_diff": 0.002457679047069902,
  "three_pt_pct_diff": -0.03557889315165785,
  "three_pt_rate_diff": 0.028477635566349142,
  "form_5g_diff": 0.039286701766199854,
  "rest_days_diff": -0.007163665399503174,
  "is_home": 0.06629883224988771,
  "is_neutral": -0.06629883224988778,
  "home_court_factor": 0.06629883224988771
}