{
  "_intercept": 0.4262253189311664,
  "elo_diff": 0.30329858904149354,
  "adj_em_diff": 0.9819158902899195,
  "adj_oe_diff": 0.05152164098645073,
  "adj_de_diff": -0.016934884203387818,
  "adj_tempo_diff": -0.034250316370462816,
  "pythagorean_diff": -0.046303634649828035,
  "barthag_diff": 0.02349932979378908,
  "recruiting_composite_diff": 0.012694288162659323,
  "returning_minutes_diff": 0.031043085894718995,
  "transfer_portal_impact_diff": -0.04799400170977018,
  "experience_diff": 0.012117737686365163,
  "sos_diff": 0.002185084221575432,
  "efg_pct_diff": -0.029354015533547554,
  "efg_allowed_diff": 0.00919481280276843,
  "tov_pct_diff": -0.01490921714994963,
  "tov_forced_diff": 0.025729933573165227,
  "oreb_pct_diff": -0.026390948692580497,
  "ft_rate_diff": -0.021927766216096035,
  "three_pt_pct_diff": 0.012378388952800901,
  "two_pt_pct_diff": -0.026685270471826512,
  "block_pct_diff": -0.01648979464912532,
  "steal_pct_diff": -0.004493159747700545,
  "team_recent_em_diff": -0.035711770385951115,
  "rest_days_diff": 0.005062200435958002,
  "b2b_flag": 0.022087916046341003,
  "is_home": 0.0,
  "is_neutral_site": 0.0,
  "home_court_advantage": -0.010600452291743662,
  "injury_impact_diff": -0.0012825421213652813,
  "vegas_home_prob": 0.19492727833926166,
  "mc_win_pct": -0.1869843438619503
}