{
  "intercept": 0.8469890532096178,
  "coefficients": [
    1.0714042808586572,
    0.031235109298482066,
    0.009802872539136153,
    0.00613240817701698,
    -0.1934228916106011
  ],
  "feature_names": [
    "elo_diff",
    "win_pct_diff",
    "ppg_diff",
    "papg_diff",
    "is_neutral"
  ]
}