{
  "mean": [
    27.4290450671913,
    0.0007209645278779584,
    0.021968103429229235,
    -0.012133156376129417,
    0.12067836087051459
  ],
  "scale": [
    162.90735789476284,
    0.01445471554626135,
    0.6595309494737782,
    0.6068870680611306,
    0.3257531183091275
  ],
  "feature_names": [
    "elo_diff",
    "win_pct_diff",
    "ppg_diff",
    "papg_diff",
    "is_neutral"
  ]
}