{
  "feature_names": [
    "elo_diff",
    "adj_em_diff",
    "adj_oe_diff",
    "adj_de_diff",
    "pythagorean_diff",
    "barthag_diff",
    "sos_diff",
    "efg_pct_diff",
    "efg_allowed_diff",
    "tov_pct_diff",
    "tov_forced_diff",
    "oreb_pct_diff",
    "ft_rate_diff",
    "three_pt_pct_diff",
    "three_pt_rate_diff",
    "form_5g_diff",
    "rest_days_diff",
    "is_home",
    "is_neutral",
    "home_court_factor"
  ],
  "mean": [
    28.229053644127198,
    5.833630433462691,
    2.4814914755617705,
    -3.3521389579009204,
    0.0632183888957611,
    0.0632183888957611,
    0.0033690721211603845,
    0.0031615065114302303,
    0.004230666316997639,
    0.004230666316997639,
    0.0306723307982329,
    0.035728835337401385,
    0.011460461103934588,
    -0.008432246024244427,
    -0.0020630498400693257,
    0.045498759163647776,
    -0.19374162078900076,
    0.8824200587614457,
    0.11757994123855435,
    0.8824200587614457
  ],
  "scale": [
    163.85297017152314,
    20.789732441475657,
    12.218208593404624,
    13.86303200579038,
    0.26404542481241217,
    0.26404542481241217,
    0.09531951125674935,
    0.05712644163352484,
    0.05422332098819944,
    0.05422332098819944,
    0.39311907716444616,
    0.37124930360726943,
    0.2070833509215276,
    0.2930536704949846,
    0.05199002122653768,
    0.36545330862733855,
    3.187963119105636,
    0.3221100722686151,
    0.32211007226861516,
    0.3221100722686151
  ]
}