{
  "feature_names": [
    "elo_diff",
    "adj_em_diff",
    "adj_oe_diff",
    "adj_de_diff",
    "adj_tempo_diff",
    "pythagorean_diff",
    "barthag_diff",
    "recruiting_composite_diff",
    "returning_minutes_diff",
    "transfer_portal_impact_diff",
    "experience_diff",
    "sos_diff",
    "efg_pct_diff",
    "efg_allowed_diff",
    "tov_pct_diff",
    "tov_forced_diff",
    "oreb_pct_diff",
    "ft_rate_diff",
    "three_pt_pct_diff",
    "two_pt_pct_diff",
    "block_pct_diff",
    "steal_pct_diff",
    "team_recent_em_diff",
    "rest_days_diff",
    "b2b_flag",
    "is_home",
    "is_neutral_site",
    "home_court_advantage",
    "injury_impact_diff",
    "vegas_home_prob",
    "mc_win_pct"
  ],
  "mean": [
    -1.720474302394893,
    -0.10999515856309226,
    -0.059457463399233766,
    0.03044461308948107,
    -0.04220617159717427,
    -0.004516975947710913,
    -0.0017332040213267133,
    -0.0012224956987676623,
    -0.0006993146603798159,
    0.013726360051959872,
    0.006377258821548028,
    -0.010826669295752059,
    -0.0004497006816116571,
    -1.4685075172621394e-06,
    0.011845183362121724,
    -0.012939473487270097,
    0.03311538260591049,
    -0.00757353080015551,
    0.0011138034888001874,
    -0.013512451083624687,
    -0.0007709742003011881,
    0.003784911806707742,
    -0.09823775682104771,
    0.4058773092212955,
    0.07685712058617196,
    1.0,
    0.0,
    3.4945830852434767,
    -0.0030001593139859857,
    0.5771834359588841,
    0.5510397375230733
  ],
  "scale": [
    223.2322765726922,
    10.037780983773072,
    7.071440520687944,
    7.098368147883242,
    3.010672746808766,
    0.3440727139848006,
    0.17496205232546724,
    0.20083335318605197,
    0.10045807381101018,
    0.9942611123451225,
    0.5021951338804221,
    1.995175917724364,
    0.06419892180368994,
    0.030053020926575424,
    1.9918418052831155,
    2.0038040649536986,
    4.003395372430803,
    3.9757257512167157,
    3.007591861638221,
    2.96828417379285,
    1.499698967113754,
    1.5038659495620454,
    11.233344853247146,
    0.7996606990970053,
    0.2663646065102767,
    1.0,
    1.0,
    0.8077310723100388,
    0.5010246744682683,
    0.23289212456582017,
    0.24433139365635734
  ]
}